{
    "menus": [
        {
            "name": "示例一级菜单",
            "path": "example",
            "icon": "i-lucide-alarm-smoke",
            "component": "",
            "permissionCode": "${pluginPackName}@example:list",
            "sort": 0,
            "isHidden": 0,
            "type": 1,
            "sourceType": 2,
            "pluginPackName": "${pluginPackName}",
            "code": "${pluginPackName}-example",
            "children": [
                {
                    "name": "示例二级菜单",
                    "path": "child",
                    "icon": "",
                    "component": "${pluginPackName}/app/console/example/list",
                    "permissionCode": "${pluginPackName}@example:list",
                    "sort": 0,
                    "isHidden": 0,
                    "type": 2,
                    "sourceType": 2,
                    "pluginPackName": "${pluginPackName}",
                    "code": "${pluginPackName}-example-list"
                }
            ]
        }
    ]
}
